{"acousticness":{"8":0.0000586345,"9":0.0000814257},"danceability":{"8":0.7429718876,"9":0.8162650602},"energy":{"8":0.472,"9":0.731},"instrumentalness":{"8":0.847,"9":0.91},"liveness":{"8":0.095995996,"9":0.0727727728},"speechiness":{"8":0.0570393375,"9":0.0721532091},"tempo":{"8":0.4801686515,"9":0.4961577387}}